Feature_0,Feature_1,Feature_2,Feature_3,Feature_4,Feature_5,Feature_6,Feature_7,Feature_8,Feature_9,Feature_10,Feature_11,Feature_12,Feature_13,Feature_14,Feature_15,Feature_16,Feature_17,Feature_18,Feature_19,Feature_20,Feature_21,Feature_22,Feature_23,Feature_24,Feature_25,Feature_26,Feature_27,Feature_28,Feature_29,Feature_30,Feature_31,Actual,Predicted,Scenario 1,Scenario 2,Scenario 3,Scenario 4,Scenario 5
-0.36971697,-0.9208438,-1.3799248,0.538327,1.5484991,0.33567256,1.1609478,0.45149228,0.68828076,0.85105103,1.4257721,-1.6130357,-0.66542757,-0.037954014,-0.47566825,2.626785,-1.2694764,-0.9267273,0.96271974,0.4940592,0.2309401,0.4489108,1.4484609,0.07639073,0.7202241,0.77221406,0.6244432,1.3647232,-1.0712137,-0.7022586,-0.2756881,-0.17110482,2.3978953,1.736072,2.472722744,2.906363988,,,
-0.36971697,1.0859605,-1.3799248,0.538327,-0.64578664,0.33567256,1.1609478,1.371954,0.68828076,-0.30316412,-1.0362169,0.2818315,-0.66542757,-1.2373008,-0.47566825,-0.3806935,0.78772634,-0.9267273,0.96271974,-2.024049,0.2309401,0.4489108,-0.69038796,1.1736394,-0.2565605,-0.11836857,-0.53628653,-1.0355692,1.0757432,-0.23629804,-0.2756881,0.62402934,2.7080503,3.575837,3.462556315,2.987565603,,,
-0.36971697,1.0859605,-1.3799248,0.538327,-0.64578664,0.33567256,-0.6733497,0.45149228,-0.11429016,0.85105103,-1.0362169,-1.6130357,-0.66542757,-1.2373008,-0.47566825,2.626785,0.78772634,1.079066,0.96271974,-2.024049,0.2309401,0.4489108,1.4484609,-1.0208579,-1.233345,-1.0089512,-0.53628653,0.56462574,-0.35556144,-0.4692783,-0.2756881,0.35898462,2.5649493,2.3665533,1.793678282,2.362214578,,,
-0.36971697,1.0859605,0.99856377,0.538327,-0.64578664,0.33567256,-0.6733497,-0.4689694,0.68828076,-0.30316412,-0.21555388,0.2818315,-0.66542757,-0.037954014,0.85451907,-0.3806935,0.78772634,1.079066,0.96271974,0.4940592,0.2309401,0.4489108,-0.69038796,0.07639073,0.7202241,0.77221406,0.6244432,1.3647232,1.0757432,1.0450935,-1.4856526,-0.966239,2.1972246,1.8416046,2.479539392,2.672069967,,,
-0.36971697,1.0859605,-1.3799248,0.538327,-0.64578664,0.33567256,1.1609478,1.371954,1.4908516,-1.4573793,1.4257721,0.2818315,-0.66542757,-0.037954014,-0.47566825,-0.3806935,0.78772634,-0.9267273,0.96271974,0.4940592,0.2309401,-2.227614,-0.69038796,-1.0208579,-1.233345,-1.0089512,-0.53628653,-1.0355692,1.0757432,-0.23629804,0.93427634,1.1541188,2.7725887,3.642656,3.130238454,3.738164635,,,
-0.36971697,-0.9208438,-0.58709526,0.538327,-0.64578664,0.33567256,0.24379903,0.45149228,-0.11429016,-0.30316412,-0.21555388,-1.6130357,-0.66542757,-0.037954014,-0.47566825,-0.3806935,0.78772634,1.079066,-1.038724,0.4940592,0.2309401,-2.227614,-0.69038796,0.07639073,-0.2565605,-1.0089512,-0.53628653,-0.23547171,1.0757432,-0.23629804,-1.4856526,-0.17110482,2.3978953,2.666079,2.323956177,2.834379517,,,
-0.36971697,-0.9208438,0.20573424,-1.8576071,-0.64578664,0.33567256,-0.6733497,1.371954,-1.719432,-0.30316412,-1.0362169,-1.6130357,-0.66542757,1.1613928,-0.47566825,-0.3806935,0.78772634,-0.9267273,-1.038724,0.4940592,0.2309401,0.4489108,1.4484609,0.07639073,0.7202241,-0.11836857,-0.53628653,-1.0355692,1.0757432,0.11317238,0.32929412,0.889074,2.7080503,0.8358399,2.017283351,2.996410643,,,
-0.36971697,1.0859605,0.20573424,0.538327,-0.64578664,0.33567256,0.24379903,0.45149228,-0.11429016,-0.30316412,1.4257721,-1.6130357,-0.66542757,-0.037954014,-0.47566825,-0.3806935,-1.2694764,-0.9267273,0.96271974,-2.024049,0.2309401,0.4489108,-0.69038796,0.07639073,-0.2565605,0.77221406,-0.53628653,1.3647232,0.36009088,-0.23629804,-1.4856526,-1.4963284,1.9459101,1.5304586,3.008407703,3.342503176,,,
2.7047715,-0.9208438,0.99856377,-1.8576071,-0.64578664,0.33567256,1.1609478,1.371954,1.4908516,-2.6115944,1.4257721,0.2818315,2.317198,-1.2373008,-0.47566825,-0.3806935,0.78772634,1.079066,0.96271974,0.4940592,0.2309401,0.4489108,1.4484609,0.07639073,0.7202241,-0.11836857,0.6244432,-0.23547171,1.0757432,0.11317238,-1.4856526,-1.4963284,1.9459101,2.1595259,1.828985685,3.3766672,,,
-0.36971697,1.0859605,-0.58709526,-1.8576071,-0.64578664,0.33567256,1.1609478,-0.4689694,1.4908516,0.85105103,0.6051091,0.2818315,-0.66542757,-1.2373008,-0.47566825,-0.3806935,0.78772634,-0.9267273,0.96271974,0.4940592,0.2309401,0.4489108,1.4484609,0.07639073,-0.2565605,-0.11836857,1.7851729,1.3647232,-0.35556144,0.4626428,-0.2756881,-0.7011942,2.3025851,2.7674904,1.737694269,2.357171883,,,
-0.36971697,1.0859605,0.20573424,0.538327,-0.64578664,0.33567256,0.24379903,-1.3894311,0.68828076,-0.30316412,0.6051091,0.2818315,-0.66542757,-0.037954014,-0.47566825,-0.3806935,-1.2694764,1.079066,0.96271974,0.4940592,0.2309401,0.4489108,1.4484609,1.1736394,0.7202241,0.77221406,1.7851729,1.3647232,1.0757432,-0.4692783,-0.57817924,-0.43614954,2.3978953,2.9077973,2.845049122,2.938302533,,,
-0.36971697,1.0859605,-1.3799248,0.538327,-0.64578664,0.33567256,1.1609478,1.371954,-0.91686106,-1.4573793,0.6051091,-1.6130357,-0.66542757,-1.2373008,-0.47566825,-0.3806935,0.78772634,1.079066,-1.038724,0.4940592,0.2309401,0.4489108,-0.69038796,1.1736394,0.7202241,-1.0089512,-0.53628653,-1.0355692,1.0757432,-0.7022586,0.32929412,1.1541188,2.7725887,0.75731933,3.258099099,3.419496758,,,
-0.36971697,-0.9208438,0.20573424,0.538327,1.5484991,0.33567256,-0.6733497,-0.4689694,-0.11429016,-0.30316412,-1.0362169,-1.6130357,-0.66542757,-1.2373008,-0.47566825,-0.3806935,0.78772634,-0.9267273,-1.038724,0.4940592,0.2309401,0.4489108,1.4484609,-1.0208579,0.7202241,0.77221406,-0.53628653,0.56462574,1.0757432,0.6956231,-0.2756881,0.62402934,2.5649493,3.0891206,2.250029497,2.485975441,,,
-0.36971697,-0.9208438,-0.58709526,0.538327,1.5484991,0.33567256,0.24379903,-1.3894311,-0.11429016,-0.30316412,-0.21555388,-1.6130357,-0.66542757,-0.037954014,-0.47566825,2.626785,0.78772634,-0.9267273,-1.038724,0.4940592,0.2309401,-2.227614,-0.69038796,-1.0208579,-0.2565605,-0.11836857,0.6244432,0.56462574,-1.0712137,-0.23629804,-1.1831614,-1.2312837,1.9459101,4.0582314,2.498051515,2.840964678,,,
-0.36971697,-0.9208438,0.20573424,0.538327,1.5484991,0.33567256,-2.5076473,-0.4689694,-1.719432,-2.6115944,-0.21555388,-1.6130357,0.82588524,1.1613928,-0.47566825,-0.3806935,-1.2694764,-0.9267273,-1.038724,0.4940592,0.2309401,0.4489108,-0.69038796,-1.0208579,-0.2565605,-0.11836857,0.6244432,0.56462574,-1.0712137,-0.7022586,1.5392586,1.1541188,2.7725887,2.984723,2.787168151,2.486672186,,,
-0.36971697,-0.9208438,-1.3799248,0.538327,-0.64578664,0.33567256,1.1609478,1.371954,1.4908516,2.0052662,-1.0362169,0.2818315,0.82588524,-1.2373008,-0.47566825,-0.3806935,-1.2694764,-0.9267273,0.96271974,0.4940592,0.2309401,0.4489108,-0.69038796,0.07639073,-0.2565605,-1.0089512,-0.53628653,-1.0355692,1.0757432,-0.7022586,1.5392586,1.4191635,2.7725887,4.1633387,2.233093528,2.378214523,,,
-0.36971697,1.0859605,-1.3799248,0.538327,-0.64578664,0.33567256,1.1609478,1.371954,-0.11429016,2.0052662,1.4257721,-1.6130357,0.82588524,-0.037954014,-0.47566825,-0.3806935,0.78772634,-0.9267273,0.96271974,0.4940592,0.2309401,-2.227614,-0.69038796,0.07639073,0.7202241,-0.11836857,-0.53628653,-1.0355692,-1.0712137,-0.4692783,0.02680301,0.62402934,2.7080503,2.4757075,3.368353395,3.123595684,,,
2.7047715,1.0859605,0.99856377,0.538327,1.5484991,0.33567256,1.1609478,1.371954,1.4908516,0.85105103,0.6051091,0.2818315,0.82588524,1.1613928,-0.47566825,-0.3806935,-1.2694764,1.079066,-1.038724,0.4940592,0.2309401,0.4489108,1.4484609,0.07639073,-1.233345,-1.0089512,0.6244432,-0.23547171,1.0757432,-0.7022586,0.6317852,0.62402934,2.6390574,0.5186442,2.046681222,2.882843864,,,
-0.36971697,1.0859605,-1.3799248,0.538327,1.5484991,0.33567256,0.24379903,0.45149228,-0.11429016,-0.30316412,-1.0362169,0.2818315,-0.66542757,-0.037954014,-0.47566825,-0.3806935,-1.2694764,-0.9267273,0.96271974,-2.024049,0.2309401,0.4489108,-0.69038796,1.1736394,-0.2565605,-1.0089512,-0.53628653,-1.0355692,-1.0712137,-0.7022586,-0.8806703,-0.17110482,2.5649493,1.035645,2.256327986,2.611792487,,,
-0.36971697,1.0859605,-0.58709526,0.538327,1.5484991,0.33567256,-0.6733497,-1.3894311,-0.11429016,-0.30316412,-1.0362169,0.2818315,-0.66542757,-0.037954014,-0.47566825,-0.3806935,-1.2694764,1.079066,0.96271974,0.4940592,0.2309401,0.4489108,1.4484609,0.07639073,-1.233345,-0.11836857,-0.53628653,-0.23547171,1.0757432,-0.7022586,1.2367674,1.1541188,2.7725887,0.6994772,2.128600427,2.616778462,,,
2.7047715,1.0859605,2.5842228,0.538327,1.5484991,-2.9790938,-0.6733497,-0.4689694,0.68828076,0.85105103,-1.0362169,2.1766987,-0.66542757,-0.037954014,2.1847064,-0.3806935,0.78772634,1.079066,-1.038724,0.4940592,0.2309401,-2.227614,-0.69038796,1.1736394,1.6970086,0.77221406,2.9459026,2.1648207,0.36009088,0.5791329,-0.57817924,-0.43614954,2.3025851,-5.717406,2.557012447,2.083292438,,,
-0.36971697,1.0859605,-0.58709526,0.538327,-0.64578664,0.33567256,0.24379903,-0.4689694,-0.11429016,-0.30316412,-0.21555388,0.2818315,-0.66542757,-1.2373008,-0.47566825,-0.3806935,0.78772634,1.079066,-1.038724,-2.024049,0.2309401,0.4489108,-0.69038796,1.1736394,0.7202241,-0.11836857,-0.53628653,-1.0355692,1.0757432,-0.7022586,0.32929412,0.889074,2.7725887,0.8319391,3.034851133,2.667179622,,,
-0.36971697,-0.9208438,-0.58709526,0.538327,-0.64578664,0.33567256,-0.6733497,-1.3894311,-0.11429016,-0.30316412,-1.0362169,0.2818315,-0.66542757,-0.037954014,-0.47566825,-0.3806935,0.78772634,1.079066,-1.038724,0.4940592,0.2309401,-2.227614,1.4484609,0.07639073,-0.2565605,1.6627966,-0.53628653,-1.0355692,1.0757432,-0.4692783,-0.8806703,-0.43614954,2.3978953,2.6745949,1.901849973,2.574194614,,,
-0.36971697,-0.9208438,0.20573424,-1.8576071,-0.64578664,-2.9790938,0.24379903,-0.4689694,-0.11429016,-0.30316412,-0.21555388,0.2818315,-0.66542757,-0.037954014,-0.47566825,-0.3806935,0.78772634,1.079066,-1.038724,0.4940592,0.2309401,0.4489108,-0.69038796,0.07639073,-0.2565605,-0.11836857,0.6244432,0.56462574,-1.0712137,-0.23629804,-0.57817924,-0.17110482,2.3978953,2.754945,2.239352321,2.611072608,,,
-0.36971697,1.0859605,-0.58709526,0.538327,1.5484991,-2.9790938,0.24379903,1.371954,0.68828076,-0.30316412,-0.21555388,0.2818315,-0.66542757,-0.037954014,-0.47566825,2.626785,0.78772634,-0.9267273,0.96271974,0.4940592,0.2309401,0.4489108,-0.69038796,1.1736394,-0.2565605,-0.11836857,-0.53628653,-1.0355692,1.0757432,-0.23629804,0.02680301,0.0939399,2.4849067,1.9072688,3.52131396,3.282176443,,,
-0.36971697,-0.9208438,-0.58709526,0.538327,-0.64578664,0.33567256,1.1609478,1.371954,1.4908516,0.85105103,-0.21555388,0.2818315,-0.66542757,1.1613928,-0.47566825,-0.3806935,0.78772634,-0.9267273,0.96271974,-2.024049,0.2309401,0.4489108,-0.69038796,1.1736394,-0.2565605,-1.0089512,-0.53628653,-1.0355692,1.0757432,-0.7022586,0.6317852,0.62402934,2.7080503,-0.17198235,2.424261248,2.823564416,,,
-0.36971697,-0.9208438,-1.3799248,0.538327,-0.64578664,0.33567256,-1.5904984,-0.4689694,-1.719432,-0.30316412,-1.0362169,0.2818315,-0.66542757,-0.037954014,-0.47566825,-0.3806935,0.78772634,1.079066,-1.038724,-2.024049,0.2309401,0.4489108,-0.69038796,0.07639073,-0.2565605,-1.0089512,-0.53628653,-1.0355692,1.0757432,-0.4692783,-0.2756881,0.0939399,2.4849067,1.9187998,2.288355222,2.304737891,,,
-0.36971697,-0.9208438,-1.3799248,0.538327,-0.64578664,-2.9790938,1.1609478,0.45149228,0.68828076,0.85105103,1.4257721,0.2818315,-0.66542757,-0.037954014,-0.47566825,-0.3806935,0.78772634,1.079066,0.96271974,0.4940592,0.2309401,0.4489108,-0.69038796,0.07639073,-0.2565605,-1.0089512,-0.53628653,-1.0355692,-1.7868661,-0.7022586,0.93427634,1.1541188,2.7725887,2.1714406,2.576678333,2.878981541,,,
-0.36971697,-0.9208438,-0.58709526,0.538327,-0.64578664,0.33567256,-0.6733497,-0.4689694,-0.11429016,-0.30316412,-0.21555388,0.2818315,-0.66542757,-0.037954014,-0.47566825,-0.3806935,0.78772634,1.079066,-1.038724,-2.024049,0.2309401,0.4489108,-0.69038796,1.1736394,-2.2101297,1.6627966,-0.53628653,-1.0355692,0.36009088,-0.7022586,-1.4856526,-0.966239,0,2.4004493,2.238187732,2.608800194,,,
-0.36971697,1.0859605,-1.3799248,0.538327,1.5484991,-2.9790938,0.24379903,-0.4689694,0.68828076,-0.30316412,-0.21555388,0.2818315,-0.66542757,-0.037954014,-0.47566825,-0.3806935,0.78772634,1.079066,-1.038724,0.4940592,0.2309401,0.4489108,-0.69038796,0.07639073,-1.233345,-1.0089512,-0.53628653,-1.0355692,-1.7868661,-0.7022586,1.5392586,1.949253,2.9957323,2.60698,3.310506755,2.711076305,,,
2.7047715,-0.9208438,0.20573424,-1.8576071,-0.64578664,0.33567256,-1.5904984,-0.4689694,-0.11429016,0.85105103,-1.0362169,-1.6130357,0.82588524,-0.037954014,-0.47566825,-0.3806935,-1.2694764,-0.9267273,-1.038724,-2.024049,0.2309401,-2.227614,-0.69038796,-1.0208579,-1.233345,-1.0089512,-0.53628653,-0.23547171,-0.35556144,-0.7022586,0.32929412,0.0939399,2.5649493,4.107593,1.409208788,1.943873856,,,
-0.36971697,-0.9208438,0.20573424,0.538327,-0.64578664,0.33567256,1.1609478,0.45149228,-0.91686106,0.85105103,1.4257721,0.2818315,-0.66542757,1.1613928,-0.47566825,-0.3806935,0.78772634,1.079066,-1.038724,0.4940592,0.2309401,0.4489108,-0.69038796,0.07639073,-1.233345,-1.0089512,-0.53628653,-0.23547171,-0.35556144,-0.7022586,1.2367674,1.1541188,2.7725887,3.8436615,2.443355102,2.819259569,,,
-0.36971697,-0.9208438,0.99856377,0.538327,-0.64578664,0.33567256,1.1609478,0.45149228,-0.11429016,-0.30316412,-1.0362169,0.2818315,-0.66542757,1.1613928,-0.47566825,-0.3806935,0.78772634,1.079066,0.96271974,0.4940592,0.2309401,0.4489108,1.4484609,0.07639073,-0.2565605,0.77221406,-0.53628653,-1.0355692,1.0757432,0.34615266,-0.57817924,-0.17110482,2.3025851,2.6256137,1.77425984,2.502312551,,,
2.7047715,-0.9208438,0.99856377,-1.8576071,-0.64578664,0.33567256,1.1609478,1.371954,-0.11429016,2.0052662,0.6051091,-1.6130357,2.317198,-0.037954014,-0.47566825,-0.3806935,0.78772634,1.079066,-1.038724,-2.024049,0.2309401,0.4489108,1.4484609,-1.0208579,-1.233345,-1.0089512,2.9459026,-0.23547171,1.0757432,0.4626428,0.93427634,0.35898462,2.4849067,1.5292714,1.477507227,2.586789486,,,
-0.36971697,1.0859605,-0.58709526,-1.8576071,-0.64578664,-2.9790938,1.1609478,1.371954,-0.11429016,2.0052662,1.4257721,0.2818315,0.82588524,1.1613928,-0.47566825,-0.3806935,0.78772634,-0.9267273,0.96271974,0.4940592,0.2309401,0.4489108,1.4484609,-2.1181066,0.7202241,-0.11836857,-0.53628653,-1.0355692,1.0757432,0.11317238,1.2367674,1.4191635,2.7725887,1.7206614,2.718818416,3.043221564,,,
-0.36971697,1.0859605,-1.3799248,0.538327,-0.64578664,0.33567256,-0.6733497,0.45149228,-0.11429016,-0.30316412,-0.21555388,0.2818315,-0.66542757,1.1613928,-0.47566825,2.626785,-1.2694764,1.079066,-1.038724,-2.024049,0.2309401,0.4489108,-0.69038796,1.1736394,-0.2565605,-1.0089512,-0.53628653,-0.23547171,1.0757432,-0.23629804,0.02680301,-0.17110482,2.4849067,2.9164667,2.023449944,2.799869009,,,
-0.36971697,1.0859605,0.20573424,-1.8576071,1.5484991,0.33567256,-1.5904984,-1.3894311,-0.11429016,0.85105103,-1.0362169,0.2818315,3.8085108,-0.037954014,3.5148938,-0.3806935,-1.2694764,-0.9267273,0.96271974,0.4940592,-4.3301272,-2.227614,1.4484609,1.1736394,-0.2565605,1.6627966,-0.53628653,2.1648207,1.0757432,-0.7022586,-1.7881436,-0.7011942,2.0794415,3.2304244,1.23153261,2.156440171,,,
-0.36971697,1.0859605,-0.58709526,0.538327,-0.64578664,0.33567256,1.1609478,0.45149228,-0.91686106,0.85105103,1.4257721,0.2818315,-0.66542757,2.3607395,-0.47566825,-0.3806935,-1.2694764,-0.9267273,0.96271974,0.4940592,0.2309401,0.4489108,-0.69038796,0.07639073,-1.233345,-1.0089512,-0.53628653,-1.0355692,-1.0712137,-0.23629804,2.4467318,2.2142975,3.0445225,2.6817183,2.772777439,2.867395596,,,
-0.36971697,-0.9208438,-0.58709526,0.538327,-0.64578664,0.33567256,1.1609478,-0.4689694,0.68828076,-0.30316412,-1.0362169,0.2818315,-0.66542757,-0.037954014,-0.47566825,-0.3806935,0.78772634,-0.9267273,-1.038724,0.4940592,0.2309401,0.4489108,-0.69038796,0.07639073,-1.233345,-0.11836857,-0.53628653,-1.0355692,1.0757432,-0.4692783,1.2367674,1.4191635,2.8332133,3.7022622,2.925933036,2.369360117,,,
-0.36971697,1.0859605,-1.3799248,0.538327,-0.64578664,0.33567256,0.24379903,1.371954,-0.11429016,-0.30316412,-0.21555388,0.2818315,-0.66542757,-0.037954014,-0.47566825,-0.3806935,0.78772634,1.079066,0.96271974,0.4940592,0.2309401,0.4489108,-0.69038796,1.1736394,1.6970086,-1.8995339,-0.53628653,-1.0355692,1.0757432,-0.7022586,0.93427634,1.1541188,2.7725887,3.0649724,3.217674815,3.236218402,,,
-0.36971697,-0.9208438,0.20573424,-1.8576071,-0.64578664,0.33567256,-0.6733497,-1.3894311,-1.719432,0.85105103,-1.0362169,0.2818315,2.317198,-0.037954014,-0.47566825,-0.3806935,-1.2694764,-0.9267273,0.96271974,0.4940592,0.2309401,-2.227614,-0.69038796,-2.1181066,-2.2101297,-1.8995339,-0.53628653,-1.0355692,-0.35556144,-0.4692783,0.6317852,0.0939399,2.4849067,0.5868789,1.025331189,2.188626321,,,
-0.36971697,-0.9208438,0.99856377,0.538327,-0.64578664,0.33567256,0.24379903,-0.4689694,-0.11429016,0.85105103,0.6051091,0.2818315,-0.66542757,1.1613928,-0.47566825,-0.3806935,-1.2694764,-0.9267273,-1.038724,0.4940592,0.2309401,0.4489108,1.4484609,1.1736394,0.7202241,-0.11836857,0.6244432,0.56462574,-1.7868661,0.11317238,0.6317852,0.62402934,2.7080503,2.1740732,1.778860519,2.401642132,,,
2.7047715,1.0859605,1.7913933,-1.8576071,-0.64578664,0.33567256,-1.5904984,-1.3894311,-0.11429016,-0.30316412,-0.21555388,2.1766987,2.317198,-1.2373008,0.85451907,-0.3806935,0.78772634,-0.9267273,-1.038724,0.4940592,0.2309401,0.4489108,-0.69038796,0.07639073,0.7202241,0.77221406,1.7851729,0.56462574,1.0757432,-0.23629804,-0.8806703,-0.7011942,2.1972246,1.0913317,1.462259087,2.563536334,,,
-0.36971697,1.0859605,-1.3799248,-1.8576071,-0.64578664,0.33567256,-0.6733497,0.45149228,-1.719432,0.85105103,-1.0362169,0.2818315,-0.66542757,-0.037954014,-0.47566825,2.626785,-1.2694764,1.079066,0.96271974,0.4940592,0.2309401,-2.227614,-0.69038796,0.07639073,0.7202241,0.77221406,-0.53628653,-1.0355692,-1.7868661,-0.4692783,0.02680301,-0.7011942,2.1972246,1.6307353,1.039617282,2.222563651,,,
-0.36971697,-0.9208438,0.99856377,0.538327,1.5484991,0.33567256,0.24379903,0.45149228,0.68828076,0.85105103,-0.21555388,0.2818315,-0.66542757,2.3607395,-0.47566825,-0.3806935,0.78772634,-0.9267273,-1.038724,0.4940592,0.2309401,0.4489108,-0.69038796,1.1736394,-0.2565605,-0.11836857,-0.53628653,-1.0355692,-1.7868661,0.11317238,1.5392586,1.1541188,2.8903718,2.160287,1.542723518,2.448084057,,,
-0.36971697,-0.9208438,-1.3799248,0.538327,1.5484991,0.33567256,-1.5904984,-1.3894311,-1.719432,-0.30316412,0.6051091,0.2818315,-0.66542757,-0.037954014,3.5148938,2.626785,-1.2694764,1.079066,-1.038724,0.4940592,0.2309401,0.4489108,-0.69038796,0.07639073,-0.2565605,-1.0089512,0.6244432,0.56462574,-0.35556144,0.4626428,-1.1831614,-0.7011942,2.3978953,1.2681048,1.787723604,2.746911943,,,
-0.36971697,1.0859605,0.20573424,0.538327,-0.64578664,0.33567256,1.1609478,1.371954,0.68828076,2.0052662,-0.21555388,0.2818315,-0.66542757,-1.2373008,-0.47566825,-0.3806935,-1.2694764,-0.9267273,-1.038724,0.4940592,0.2309401,0.4489108,-0.69038796,1.1736394,-1.233345,-0.11836857,-0.53628653,-0.23547171,1.0757432,-0.23629804,1.8417497,1.1541188,2.8332133,2.4120383,3.145337303,2.606338663,,,
-0.36971697,-0.9208438,0.99856377,0.538327,1.5484991,0.33567256,1.1609478,0.45149228,-0.11429016,-0.30316412,-0.21555388,2.1766987,0.82588524,-0.037954014,-0.47566825,-0.3806935,0.78772634,1.079066,-1.038724,0.4940592,0.2309401,0.4489108,1.4484609,0.07639073,0.7202241,1.6627966,-0.53628653,-0.23547171,-1.0712137,0.4626428,-0.2756881,-0.7011942,2.1972246,3.9702585,1.967000205,2.661115259,,,
-0.36971697,1.0859605,0.20573424,0.538327,-0.64578664,0.33567256,-1.5904984,-1.3894311,-0.11429016,-0.30316412,1.4257721,-1.6130357,-0.66542757,-0.037954014,-0.47566825,-0.3806935,-1.2694764,1.079066,-1.038724,-2.024049,0.2309401,0.4489108,-0.69038796,0.07639073,-0.2565605,-0.11836857,-0.53628653,-0.23547171,0.36009088,-0.4692783,0.32929412,-0.17110482,2.4849067,1.1969931,2.9299618,3.252910855,,,
-0.36971697,-0.9208438,0.20573424,0.538327,1.5484991,0.33567256,-0.6733497,1.371954,0.68828076,0.85105103,-1.0362169,-1.6130357,-0.66542757,-0.037954014,-0.47566825,-0.3806935,-1.2694764,-0.9267273,0.96271974,0.4940592,0.2309401,0.4489108,1.4484609,0.07639073,-0.2565605,-1.0089512,-0.53628653,-1.0355692,1.0757432,-0.7022586,0.93427634,1.1541188,2.7725887,2.868461,2.344899447,2.747704754,,,
-0.36971697,-0.9208438,-1.3799248,0.538327,-0.64578664,0.33567256,0.24379903,-0.4689694,-0.91686106,0.85105103,-0.21555388,-1.6130357,-0.66542757,-0.037954014,3.5148938,-0.3806935,0.78772634,-0.9267273,-1.038724,0.4940592,0.2309401,0.4489108,-0.69038796,-1.0208579,-0.2565605,-1.0089512,-0.53628653,-1.0355692,-0.35556144,-0.7022586,-1.4856526,-0.966239,0,1.6855562,2.765229002,2.359761084,,,
-0.36971697,-0.9208438,-1.3799248,-1.8576071,-0.64578664,0.33567256,-1.5904984,-1.3894311,-0.11429016,-0.30316412,1.4257721,0.2818315,-0.66542757,-0.037954014,2.1847064,2.626785,0.78772634,-0.9267273,-1.038724,-2.024049,0.2309401,0.4489108,1.4484609,-1.0208579,-0.2565605,0.77221406,0.6244432,1.3647232,1.0757432,-0.4692783,-0.8806703,-1.2312837,1.7917595,0.79871416,1.699909728,3.080809485,,,
-0.36971697,-0.9208438,0.20573424,0.538327,1.5484991,0.33567256,-0.6733497,-0.4689694,0.68828076,-0.30316412,-1.0362169,0.2818315,0.82588524,-0.037954014,-0.47566825,2.626785,0.78772634,1.079066,-1.038724,0.4940592,0.2309401,0.4489108,1.4484609,0.07639073,0.7202241,0.77221406,0.6244432,0.56462574,1.0757432,-0.003317757,0.32929412,0.35898462,2.5649493,1.0052854,2.294919049,2.424583339,,,
-0.36971697,-0.9208438,-1.3799248,0.538327,-0.64578664,0.33567256,-0.6733497,-1.3894311,0.68828076,-0.30316412,1.4257721,-1.6130357,2.317198,1.1613928,-0.47566825,-0.3806935,0.78772634,-0.9267273,0.96271974,0.4940592,0.2309401,0.4489108,-0.69038796,1.1736394,-1.233345,-1.0089512,-0.53628653,-1.0355692,0.36009088,-0.23629804,-0.2756881,0.35898462,2.5649493,2.6909976,2.716859578,3.307272121,,,
-0.36971697,1.0859605,-0.58709526,-1.8576071,-0.64578664,0.33567256,0.24379903,0.45149228,0.68828076,0.85105103,1.4257721,0.2818315,-0.66542757,-1.2373008,-0.47566825,-0.3806935,0.78772634,-0.9267273,0.96271974,0.4940592,0.2309401,0.4489108,-0.69038796,0.07639073,-0.2565605,-1.0089512,1.7851729,1.3647232,1.0757432,0.22966252,-0.8806703,-0.43614954,2.3978953,3.2935543,2.044201497,2.912259044,,,
-0.36971697,-0.9208438,1.7913933,0.538327,-0.64578664,0.33567256,0.24379903,0.45149228,-0.11429016,-0.30316412,1.4257721,2.1766987,-0.66542757,2.3607395,-0.47566825,-0.3806935,0.78772634,1.079066,0.96271974,0.4940592,0.2309401,0.4489108,-0.69038796,0.07639073,-0.2565605,-0.11836857,-0.53628653,-0.23547171,-0.35556144,0.4626428,-0.8806703,-0.7011942,2.1972246,1.8565738,2.180038018,3.196643193,,,
-0.36971697,1.0859605,-1.3799248,-1.8576071,-0.64578664,0.33567256,0.24379903,-0.4689694,-0.11429016,-0.30316412,-1.0362169,0.2818315,0.82588524,-0.037954014,2.1847064,2.626785,0.78772634,-0.9267273,-1.038724,0.4940592,0.2309401,0.4489108,1.4484609,0.07639073,0.7202241,0.77221406,-0.53628653,1.3647232,-0.35556144,-0.003317757,-1.7881436,-0.43614954,2.0794415,2.3695903,2.297489569,2.428003061,,,
-0.36971697,1.0859605,0.20573424,0.538327,1.5484991,0.33567256,1.1609478,1.371954,0.68828076,-0.30316412,-0.21555388,0.2818315,-0.66542757,-0.037954014,-0.47566825,-0.3806935,0.78772634,1.079066,-1.038724,0.4940592,0.2309401,0.4489108,1.4484609,1.1736394,-0.2565605,1.6627966,2.9459026,2.1648207,-0.35556144,0.8121132,0.32929412,0.35898462,2.6390574,2.7810884,3.456812811,3.17375049,,,
-0.36971697,1.0859605,0.99856377,0.538327,-0.64578664,0.33567256,-0.6733497,-1.3894311,0.68828076,0.85105103,0.6051091,0.2818315,-0.66542757,-1.2373008,0.85451907,-0.3806935,-1.2694764,-0.9267273,-1.038724,-2.024049,-4.3301272,0.4489108,-0.69038796,-1.0208579,-1.233345,1.6627966,0.6244432,2.1648207,1.0757432,-0.23629804,-1.4856526,-0.43614954,2.1972246,1.8922468,1.678734991,2.609738633,,,
-0.36971697,-0.9208438,-1.3799248,0.538327,-0.64578664,0.33567256,1.1609478,1.371954,0.68828076,-2.6115944,-1.0362169,0.2818315,-0.66542757,1.1613928,-0.47566825,-0.3806935,0.78772634,-0.9267273,0.96271974,0.4940592,0.2309401,0.4489108,1.4484609,0.07639073,-0.2565605,-0.11836857,-0.53628653,-1.0355692,1.0757432,-0.7022586,0.02680301,-2.821552,0,4.0036545,2.904566893,2.845887161,,,
-0.36971697,-0.9208438,-1.3799248,0.538327,-0.64578664,-2.9790938,0.24379903,0.45149228,-0.11429016,-1.4573793,1.4257721,-1.6130357,-0.66542757,2.3607395,-0.47566825,2.626785,-1.2694764,-0.9267273,-1.038724,0.4940592,0.2309401,-2.227614,-0.69038796,0.07639073,-0.2565605,-0.11836857,-0.53628653,-1.0355692,0.36009088,0.4626428,-0.2756881,0.0939399,2.4849067,0.82158303,2.506205185,3.418899682,,,
-0.36971697,-0.9208438,-0.58709526,0.538327,-0.64578664,0.33567256,-0.6733497,-0.4689694,-0.11429016,-0.30316412,1.4257721,0.2818315,-0.66542757,2.3607395,-0.47566825,-0.3806935,-1.2694764,1.079066,-1.038724,0.4940592,0.2309401,0.4489108,1.4484609,1.1736394,-1.233345,-0.11836857,-0.53628653,0.56462574,-0.35556144,-0.7022586,0.02680301,0.0939399,2.4849067,2.5859575,2.544462398,3.06672647,,,
-0.36971697,1.0859605,0.20573424,0.538327,-0.64578664,0.33567256,-1.5904984,-0.4689694,-1.719432,0.85105103,0.6051091,2.1766987,0.82588524,-0.037954014,-0.47566825,-0.3806935,-1.2694764,1.079066,0.96271974,-2.024049,0.2309401,0.4489108,-0.69038796,0.07639073,0.7202241,0.77221406,2.9459026,2.1648207,1.0757432,0.6956231,-1.1831614,-0.7011942,2.1972246,2.7376757,2.452910092,2.302919378,,,
-0.36971697,-0.9208438,0.99856377,0.538327,1.5484991,0.33567256,-0.6733497,-0.4689694,-0.11429016,-0.30316412,-0.21555388,2.1766987,-0.66542757,-0.037954014,-0.47566825,-0.3806935,-1.2694764,-0.9267273,0.96271974,-2.024049,0.2309401,0.4489108,1.4484609,0.07639073,-0.2565605,-0.11836857,-0.53628653,-1.0355692,-1.0712137,-0.7022586,-0.8806703,-0.7011942,0,2.076019,1.993203725,2.578957872,,,
-0.36971697,1.0859605,0.20573424,0.538327,-0.64578664,0.33567256,-0.6733497,0.45149228,-0.11429016,-0.30316412,-1.0362169,-1.6130357,0.82588524,-1.2373008,-0.47566825,-0.3806935,-1.2694764,-0.9267273,-1.038724,0.4940592,0.2309401,0.4489108,-0.69038796,1.1736394,-1.233345,-1.0089512,-0.53628653,-1.0355692,-1.0712137,-0.23629804,0.32929412,0.35898462,2.6390574,4.9301805,2.176332616,2.684657792,,,
-0.36971697,-0.9208438,0.20573424,0.538327,-0.64578664,0.33567256,1.1609478,-0.4689694,-0.11429016,-0.30316412,1.4257721,0.2818315,0.82588524,1.1613928,-0.47566825,-0.3806935,0.78772634,1.079066,-1.038724,0.4940592,0.2309401,0.4489108,-0.69038796,0.07639073,-0.2565605,-0.11836857,-0.53628653,-1.0355692,-0.35556144,-0.7022586,1.2367674,0.35898462,2.7080503,3.0193777,3.097181763,3.006981747,,,
-0.36971697,1.0859605,0.99856377,0.538327,-0.64578664,0.33567256,1.1609478,1.371954,1.4908516,0.85105103,-0.21555388,0.2818315,0.82588524,-1.2373008,-0.47566825,-0.3806935,-1.2694764,1.079066,0.96271974,0.4940592,0.2309401,0.4489108,-0.69038796,-1.0208579,-1.233345,0.77221406,-0.53628653,1.3647232,-0.35556144,1.8605244,-0.57817924,-0.43614954,2.3025851,-0.025997639,2.423273091,2.874792478,,,
-0.36971697,1.0859605,-0.58709526,0.538327,1.5484991,0.33567256,1.1609478,0.45149228,1.4908516,-0.30316412,-1.0362169,0.2818315,-0.66542757,-1.2373008,-0.47566825,-0.3806935,-1.2694764,-0.9267273,0.96271974,-2.024049,0.2309401,0.4489108,-0.69038796,1.1736394,0.7202241,1.6627966,-0.53628653,-1.0355692,-0.35556144,-0.7022586,-1.4856526,-2.821552,0,2.626165,2.160999329,2.568687062,,,
-0.36971697,1.0859605,-0.58709526,0.538327,1.5484991,0.33567256,-0.6733497,-1.3894311,-1.719432,-0.30316412,-1.0362169,0.2818315,-0.66542757,-1.2373008,0.85451907,-0.3806935,-1.2694764,-0.9267273,0.96271974,0.4940592,0.2309401,-2.227614,1.4484609,0.07639073,0.7202241,0.77221406,1.7851729,2.1648207,1.0757432,-0.003317757,0.32929412,0.62402934,2.7080503,2.9095237,2.212422878,2.598000842,,,
2.7047715,1.0859605,0.99856377,0.538327,1.5484991,0.33567256,-1.5904984,-1.3894311,-0.11429016,0.85105103,-0.21555388,-1.6130357,0.82588524,-1.2373008,-0.47566825,-0.3806935,-1.2694764,-0.9267273,-1.038724,-2.024049,0.2309401,0.4489108,1.4484609,-1.0208579,-0.2565605,-1.0089512,-0.53628653,-0.23547171,-0.35556144,-0.23629804,-0.2756881,-0.17110482,2.3978953,1.7440095,1.726762886,2.381735071,,,
-0.36971697,1.0859605,-1.3799248,0.538327,-0.64578664,-2.9790938,1.1609478,1.371954,-0.11429016,0.85105103,1.4257721,0.2818315,-0.66542757,2.3607395,-0.47566825,-0.3806935,0.78772634,-0.9267273,0.96271974,-2.024049,0.2309401,0.4489108,1.4484609,-3.2153554,-0.2565605,-0.11836857,4.106632,2.1648207,-0.35556144,-0.23629804,0.6317852,0.62402934,2.5649493,1.4931343,3.43949918,3.343243208,,,
-0.36971697,1.0859605,0.99856377,0.538327,-0.64578664,0.33567256,1.1609478,-0.4689694,1.4908516,-0.30316412,-0.21555388,0.2818315,-0.66542757,-0.037954014,-0.47566825,-0.3806935,0.78772634,1.079066,0.96271974,0.4940592,0.2309401,0.4489108,1.4484609,0.07639073,-0.2565605,-1.0089512,-0.53628653,1.3647232,1.0757432,0.5791329,0.32929412,0.0939399,2.4849067,3.3924785,2.570742959,2.625104875,,,
-0.36971697,1.0859605,0.20573424,-1.8576071,-0.64578664,0.33567256,-0.6733497,-0.4689694,0.68828076,-0.30316412,-1.0362169,0.2818315,3.8085108,-1.2373008,-0.47566825,-0.3806935,0.78772634,-0.9267273,-1.038724,0.4940592,0.2309401,0.4489108,-0.69038796,0.07639073,0.7202241,1.6627966,4.106632,2.1648207,0.36009088,0.22966252,0.02680301,-0.17110482,2.3978953,3.2178545,2.135334606,2.432893407,,,
-0.36971697,-0.9208438,1.7913933,0.538327,-0.64578664,0.33567256,-0.6733497,-1.3894311,-1.719432,-0.30316412,0.6051091,2.1766987,2.317198,-0.037954014,-0.47566825,-0.3806935,0.78772634,-0.9267273,-1.038724,0.4940592,-4.3301272,0.4489108,1.4484609,-1.0208579,0.7202241,-1.8995339,-0.53628653,-1.0355692,-1.0712137,1.6275442,0.93427634,0.35898462,2.6390574,1.7946854,1.612748533,2.82584431,,,
2.7047715,-0.9208438,0.99856377,-1.8576071,-0.64578664,0.33567256,-1.5904984,-1.3894311,-0.11429016,-0.30316412,-0.21555388,0.2818315,3.8085108,1.1613928,-0.47566825,-0.3806935,-1.2694764,-0.9267273,-1.038724,0.4940592,0.2309401,0.4489108,-0.69038796,0.07639073,-0.2565605,-1.0089512,-0.53628653,-0.23547171,0.36009088,-0.4692783,-0.8806703,-0.7011942,2.3978953,3.4682722,1.006414293,2.538659772,,,
-0.36971697,1.0859605,2.5842228,0.538327,-0.64578664,-2.9790938,0.24379903,-0.4689694,0.68828076,-0.30316412,-1.0362169,2.1766987,-0.66542757,-1.2373008,-0.47566825,-0.3806935,-1.2694764,-0.9267273,0.96271974,0.4940592,0.2309401,-2.227614,-0.69038796,1.1736394,1.6970086,-0.11836857,-0.53628653,-1.0355692,1.0757432,-0.7022586,1.8417497,1.949253,2.944439,1.8135669,3.517635482,2.506785346,,,
-0.36971697,1.0859605,-0.58709526,0.538327,-0.64578664,0.33567256,1.1609478,1.371954,1.4908516,2.0052662,-1.0362169,0.2818315,-0.66542757,-1.2373008,-0.47566825,-0.3806935,0.78772634,-0.9267273,-1.038724,0.4940592,-4.3301272,0.4489108,1.4484609,-1.0208579,-0.2565605,-1.0089512,0.6244432,-1.0355692,1.0757432,-0.7022586,-1.1831614,-1.2312837,0,3.1528387,2.600884888,2.428411907,,,
-0.36971697,1.0859605,-0.58709526,-1.8576071,-0.64578664,0.33567256,1.1609478,1.371954,1.4908516,2.0052662,-1.0362169,0.2818315,-0.66542757,-1.2373008,-0.47566825,-0.3806935,-1.2694764,1.079066,0.96271974,0.4940592,0.2309401,0.4489108,-0.69038796,-1.0208579,1.6970086,1.6627966,0.6244432,2.1648207,0.36009088,0.22966252,2.1442409,1.949253,2.944439,3.3656085,1.960451703,2.380972412,,,
-0.36971697,1.0859605,-1.3799248,0.538327,-0.64578664,0.33567256,1.1609478,0.45149228,1.4908516,-0.30316412,-1.0362169,0.2818315,0.82588524,-0.037954014,-0.47566825,-0.3806935,0.78772634,1.079066,-1.038724,0.4940592,0.2309401,0.4489108,-0.69038796,1.1736394,0.7202241,-0.11836857,-0.53628653,-0.23547171,-0.35556144,-0.4692783,-0.2756881,-0.17110482,2.4849067,1.5010751,2.274056712,2.574239241,,,
